Age,AADT,Climate_Index,Asphalt_Thickness,Air_Voids,Binder_Grade,IRI
7,3195,3.04781258158029,197.34843059189103,5.920157266247275,64,2.0320515130977976
20,26571,1.6465585314294173,281.2197575437108,3.190864510766595,76,3.329051371377277
15,15922,5.340894193754419,186.87887310208572,5.264148841976305,76,3.3785602497609584
11,5758,4.848299713589832,170.01568153893516,3.634585790569964,70,2.2055226872724893
8,22502,6.924360328902703,229.02067240611296,3.4806585912225687,76,2.6436413179697094
21,7236,2.6941233379852148,233.78481193261993,4.367518666865607,64,2.921516754196355
7,891,2.441255222477742,272.8335130143806,3.3671962632537675,70,2.758695288448628
19,14486,1.6829104217293056,146.03705364831106,3.3766279530742405,70,2.964779268548534
23,29590,2.187642195730702,199.83867597695047,4.245653237565177,64,4.127646979718345
11,13166,5.581020020173412,214.4008398418366,6.918042114486035,64,3.3809994259569125
11,6392,4.038361710580408,253.7108028612618,3.701321079557354,70,3.451232375159516
24,4061,0.6489224710898156,108.72075435088675,3.068644407327001,76,3.1360750867551426
21,27354,2.539154139343447,298.91010215946824,6.053457692015644,70,4.359023984850681
4,6684,2.468760628386012,193.98890279818858,6.227651908203118,64,3.039260937137671
8,19983,6.963042728397884,155.91206835935174,4.385217284357603,70,3.0022478364720566
24,23162,7.12270589924442,276.6988044532518,4.858695251758446,64,3.9761094158686507
3,8892,1.480869299533999,249.54375477948278,5.5990947305710534,70,2.0690786645759327
22,13567,9.97740485048942,290.61436940479064,3.192235696788135,76,4.700364903613965
21,15765,2.66781014275285,166.15006093410273,6.796582926365543,70,4.301663987224588
2,19988,9.766149558326529,210.552993367098,6.54672154919219,70,3.6838445416923533
24,24099,4.110370133182313,214.45849383416765,4.043574493366856,64,4.582171379835092
12,29674,0.33050732900548385,296.06631674320914,3.061218161161539,64,3.3503071543210803
6,2954,3.45071248026683,115.06925120122564,6.733745232317932,64,3.1424984630113215
2,12337,6.343513447013638,161.13940385743638,5.004159535661037,70,2.2391415219259283
21,14539,6.807054515547668,138.1822062300692,5.15750979360025,76,5.367518058994202
1,25880,5.309345833171363,153.69497137803137,5.735855077592564,64,2.8817710694457888
12,19615,4.477831645730916,197.05597485526314,5.463404657559655,64,3.600919357134268
22,11465,5.52893089071328,174.53737341880986,6.775566418243029,70,5.141025523730556
12,25038,5.926967238793935,178.93829336189444,6.77700638850067,64,4.477770951096915
17,10262,0.8085332633271525,268.84262814526227,6.468795734220015,76,4.0393261576936235
10,5556,3.6965445606140444,286.0033669621664,5.5456143897840455,76,2.0716990286302592
16,15448,2.421599382774259,114.08322616990878,6.203797178729599,64,3.809931960336968
15,8610,8.031397563798958,141.78374352307202,5.708673369531927,64,3.6618888457927086
15,14273,4.703006344460384,234.22870336481012,5.293468166687733,70,3.187077725842198
19,27766,9.83423140894843,171.72935625923276,3.5140014129356407,76,3.8985919015550716
12,20724,3.9882444244455306,150.83272981394776,6.244816706944012,76,3.4748454175938885
23,17912,8.16431873219384,159.05811768378774,6.282557902975821,64,5.2137675355805735
20,24269,7.983451249845511,164.51015284772012,5.503758680406291,70,4.938978483655288
3,1002,1.5071754396542947,269.7339589849349,6.281707375085072,76,2.041720386722876
5,7410,5.0819877674071865,127.32426628840577,5.605939087431151,76,2.6284982377091626
19,13185,6.958128067908818,241.78219938202372,3.8267374395069815,70,4.389338917477576
7,25946,8.583588048137198,210.56399538158155,4.095844509284535,70,2.989793287794104
21,23822,3.2595890520188475,159.3020287295597,3.8583564788334965,76,4.701720922336552
9,21372,2.202410475655483,183.95617128925528,4.509036332911903,76,2.702836211223001
7,706,7.111495324380178,151.2413887188916,3.1558525292409345,70,2.653997505886558
18,22018,8.095010461397154,222.3027421731361,5.473015537351571,76,4.943849656173721
4,22861,3.4866598729172935,116.31883608004807,4.3462168595549056,64,1.4474458524745137
14,24605,0.9617655109142076,101.03697255479736,5.622890541522969,64,3.634112824273873
18,23919,9.40523264489604,225.57888298972722,4.54158648386226,70,4.477093367968679
9,18368,3.975720210875223,138.85479070240845,5.7264546758911585,70,4.00128011045611
21,24742,5.177513505274801,114.18818339998553,4.36249827785696,70,4.685207554608428
2,16434,8.37710105907328,179.35676544277766,4.042778112943612,64,2.4428067438637555
20,17747,6.7569011703928075,110.1537062078794,4.984149817173625,76,5.364443134942378
15,19674,7.3521611924077215,277.32342979013197,5.771561434767758,64,4.420426752497952
7,24292,2.090716207377137,105.52335437474095,4.39334641781279,76,2.618184062283342
12,9255,5.414479738275658,215.77297910151174,6.746592607422829,64,3.6160290611541925
8,22000,6.957843993450822,187.6948246036174,3.156745306702585,76,3.0362412882699634
15,12883,2.285500217972997,234.40522705903987,4.671784126862315,64,4.162375842100836
3,22903,1.7495492709593619,165.6305334949464,6.87032220608099,70,3.3557455623007266
14,18641,9.821683433294355,131.00832334554883,5.191887532992349,64,4.057468658275729
17,15320,5.166358912710143,296.3681776621062,4.693883769232475,76,3.6244273308974946
4,8074,2.60829174830409,267.78670041387267,5.274081134999833,64,1.2014089685566067
18,6874,9.962536997579242,272.08092366233507,5.303698301032338,64,4.364417981412097
8,23776,9.654193512887936,150.0502721031728,5.926591021198561,64,4.016263457936215
4,2178,5.582934536070976,107.76694688588464,3.5107589176898624,70,2.9076358862964184
2,20126,8.826363431893396,160.65310293464455,4.000065796864419,64,2.48986737302636
6,21520,1.8870710834137938,207.4164854393311,5.322176049375639,70,2.8309598420070547
22,1559,2.7887135259218185,165.33024835920816,6.468466428838888,70,4.127649042346381
10,23552,7.003578299727713,265.57380075751774,5.247466768575094,64,2.6999634133509804
4,16698,8.466611422383059,154.30858316394838,3.9543874391613607,64,2.384114208018492
22,10414,8.563242918780924,293.05036607815396,5.719379119600983,64,3.391516646859817
18,28390,4.045081271221901,191.4530323227457,5.9596350417894985,76,4.8449247327478
12,20041,8.877700987609598,268.40461500239627,3.9529446096159178,64,2.1426388749699266
2,22799,8.509284487675128,138.8760067989746,4.510915544705179,70,3.7830705759074785
10,11317,9.356349942209475,182.2707810113357,5.137309894122254,64,2.4927436832508763
4,11421,7.853406511139436,239.90244215343876,4.98624476273231,76,3.248576289480716
14,10289,6.689882547142286,127.67061848356028,4.558472344876813,64,3.2149297190965775
16,16812,5.806866214364547,126.54908444859396,4.1905406980372435,76,4.165560730715424
15,11752,3.722827665617431,293.9073734228318,3.3999395486474535,76,2.5432238225784327
8,3193,9.401334424577785,242.9190208359904,3.2139411869894756,64,3.2848319758145044
14,29967,9.736638367553173,108.21350335357516,6.834165987532794,70,4.750215939865629
23,14431,2.8392097473746567,179.76418028895893,6.388572576382359,76,5.205843467827704
8,4127,3.0536386034439342,186.7041475161484,4.419620761850883,64,2.597057659942121
21,26439,4.856137535862266,248.80852859982306,6.827203540505826,64,4.86708198686426
16,16657,4.4842414298624735,150.17210546933222,5.707079617697213,70,4.356305005634444
13,10673,9.944574626108206,136.86673486627402,4.930083798570569,76,3.52174329367085
18,22334,1.7592525267734538,116.17459332343954,4.972102631087219,76,3.5403938084681705
15,18547,0.18075363615520867,185.66289498802155,3.3331376447810386,64,2.5388148629289042
21,26605,4.938937151834346,237.69998015307328,3.3668165890339243,64,4.06473151950736
24,10730,1.7882270922132881,111.63871910168872,5.409763703604476,70,4.406727895332454
13,16207,3.664687845828599,283.0427455252961,5.214812209383203,70,2.1282802176672115
9,22476,7.441705230565622,188.47044594622088,3.850911580096916,76,3.38284686510475
15,11994,7.209399242521293,147.95747183148063,6.784778171526761,76,3.604188360293683
13,27313,3.080607918523892,118.77465801625834,6.12518420188481,64,3.488840749619729
1,24276,5.425402305548993,136.57319942146148,3.453858408069792,76,2.3170291814835613
7,1806,5.0881407683876,286.92279946794196,6.72371642274917,70,2.2244440955284315
9,29105,6.3633261818589535,227.65411876867006,6.896992834137641,70,3.7579552687842255
24,7276,2.5046181860558416,203.33925148531333,6.983724968121317,64,5.644208594272395
1,27751,5.898708475605439,231.42226570003336,3.2234846187094,70,1.9108567273308916
12,22748,9.78892858275009,187.1345797355782,5.948142227164036,70,3.4428415622552526
